DROP TABLE IF EXISTS `demo_countries`;
CREATE TABLE IF NOT EXISTS `demo_countries` (
  `id` tinyint(3) unsigned NOT NULL auto_increment,
  `region_id` tinyint(3) unsigned NOT NULL default '0',
  `name` varchar(50) NOT NULL default '',
  `description` varchar(255) NOT NULL default '',
  `population` double unsigned NOT NULL default '0',
  `picture_url` varchar(100) NOT NULL default '',
  `picture_url_1` varchar(100) NOT NULL,
  `is_democracy` int(10) unsigned NOT NULL default '0',
  `independent_date` datetime default '0000-00-00 00:00:00',
  `independent_time` time NOT NULL default '00:00:00',
  PRIMARY KEY  (`id`)
) ENGINE=MyISAM  DEFAULT CHARSET=latin1 AUTO_INCREMENT=240 ;

INSERT INTO `demo_countries` (`id`, `region_id`, `name`, `description`, `population`, `picture_url`, `picture_url_1`, `is_democracy`, `independent_date`, `independent_time`) VALUES
(2, 1, 'Angola', '<br>', 10000, 'k0006657.jpg', 'k0303259.jpg', 0, '2009-05-28 00:00:00', '00:00:00'),
(3, 1, 'Benin', '', 0, '', '', 0, NULL, '00:00:00'),
(4, 1, 'Botswana', '', 0, '', '', 0, NULL, '00:00:00'),
(5, 1, 'Burkina Faso', '', 0, '', '', 0, NULL, '00:00:00'),
(6, 1, 'Burundi', '', 0, '', '', 0, NULL, '00:00:00'),
(7, 1, 'Cameroon', '', 0, 'Tiger_0033-320x256.jpg', '', 0, NULL, '00:00:00'),
(8, 1, 'Cape Verde', '', 0, '', '', 0, NULL, '00:00:00'),
(9, 1, 'Central African Republic', '', 0, '', '', 0, NULL, '00:00:00'),
(10, 1, 'Chad', '', 0, '', '', 0, NULL, '00:00:00'),
(11, 1, 'Comoros', '', 10000, '', '', 0, '2007-10-26 00:00:00', '00:00:00'),
(12, 1, 'Cote d-Ivoire', '', 0, '', '', 0, NULL, '00:00:00'),
(13, 1, 'Democratic Republic of the Congo', '', 0, '', '', 0, NULL, '00:00:00'),
(14, 1, 'Djibouti', '', 0, '', '', 0, NULL, '00:00:00'),
(16, 1, 'Equatorial Guinea', '', 0, '', '', 0, NULL, '00:00:00'),
(17, 1, 'Eritrea', '', 0, '', '', 0, NULL, '00:00:00'),
(18, 1, 'Ethiopia', '', 0, '', '', 0, NULL, '00:00:00'),
(19, 1, 'Gabon', '', 0, '', '', 0, NULL, '00:00:00'),
(20, 1, 'Gambia', '', 0, '', '', 0, NULL, '00:00:00'),
(21, 1, 'Ghana', '', 0, '', '', 0, NULL, '00:00:00'),
(22, 1, 'Guinea', '', 0, '', '', 0, NULL, '00:00:00'),
(23, 1, 'Guinea-Bissau', '', 0, '', '', 0, NULL, '00:00:00'),
(24, 1, 'Kenya', '', 0, '', '', 0, NULL, '00:00:00'),
(25, 1, 'Lesotho', '', 0, '', '', 0, NULL, '00:00:00'),
(26, 1, 'Liberia', '', 0, '', '', 0, NULL, '00:00:00'),
(27, 1, 'Libya', '', 0, '', '', 0, NULL, '00:00:00'),
(28, 1, 'Madagascar', '', 0, '', '', 0, NULL, '00:00:00'),
(29, 1, 'Malawi', '', 0, '', '', 0, NULL, '00:00:00'),
(54, 1, 'Mali', '', 0, '', '', 0, NULL, '00:00:00'),
(67, 1, 'Sierra Leone', '', 0, '', '', 0, NULL, '00:00:00'),
(68, 1, 'Somalia', '', 0, '', '', 0, NULL, '00:00:00'),
(66, 1, 'Seychelles', '', 0, '', '', 0, NULL, '00:00:00'),
(65, 1, 'Senegal', '', 0, '', '', 0, NULL, '00:00:00'),
(55, 1, 'Mauritania', '', 0, '', '', 0, NULL, '00:00:00'),
(56, 1, 'Mauritius', '', 0, '', '', 0, NULL, '00:00:00'),
(57, 1, 'Morocco', '', 0, '', '', 0, NULL, '00:00:00'),
(58, 1, 'Mozambique', '', 0, '', '', 0, NULL, '00:00:00'),
(59, 1, 'Namibia', '', 0, '', '', 0, NULL, '00:00:00'),
(60, 1, 'Niger', '', 0, '', '', 0, NULL, '00:00:00'),
(61, 1, 'Nigeria', '', 0, '', '', 0, NULL, '00:00:00'),
(62, 1, 'Republic of the Congo', '', 0, '', '', 0, NULL, '00:00:00'),
(63, 1, 'Rwanda', '', 0, '', '', 0, NULL, '00:00:00'),
(64, 1, 'Sao Tome and Principe', '', 0, '', '', 0, NULL, '00:00:00'),
(69, 1, 'South Africa', '', 0, '', '', 0, NULL, '00:00:00'),
(70, 1, 'Sudan', '', 0, '', '', 0, NULL, '00:00:00'),
(71, 1, 'Swaziland', '', 0, '', '', 0, NULL, '00:00:00'),
(72, 1, 'Tanzania', '', 0, '', '', 0, NULL, '00:00:00'),
(73, 1, 'Togo', '', 0, '', '', 0, NULL, '00:00:00'),
(74, 1, 'Tunisia', '', 0, '', '', 0, NULL, '00:00:00'),
(75, 1, 'Uganda', '', 0, 'bcs_vision_hero710x200.jpg', '', 0, NULL, '00:00:00'),
(76, 1, 'Western Sahara', '', 0, '', '', 0, NULL, '00:00:00'),
(77, 1, 'Zambia', '', 0, '', '', 0, NULL, '00:00:00'),
(78, 1, 'Zimbabwe', '', 0, '', '', 0, NULL, '00:00:00'),
(80, 2, 'Bangladesh', '', 0, '', '', 0, NULL, '00:00:00'),
(81, 2, 'Bhutan', '', 0, '', '', 0, NULL, '00:00:00'),
(82, 2, 'Brunei', '', 0, '', '', 0, NULL, '00:00:00'),
(83, 2, 'Cambodia', '', 0, '', '', 0, NULL, '00:00:00'),
(84, 2, 'China', '', 0, '', '', 0, NULL, '00:00:00'),
(85, 2, 'Hong Kong', '', 0, '', '', 0, NULL, '00:00:00'),
(86, 2, 'India', '', 0, '', '', 0, NULL, '00:00:00'),
(87, 2, 'Indonesia', '', 0, '', '', 0, NULL, '00:00:00'),
(88, 2, 'Japan', '', 0, '', '', 0, NULL, '00:00:00'),
(89, 2, 'Kazakhstan', '', 0, '', '', 0, NULL, '00:00:00'),
(90, 2, 'Laos', '', 0, '', '', 0, NULL, '00:00:00'),
(91, 2, 'Macao', '', 0, '', '', 0, NULL, '00:00:00'),
(92, 2, 'Malaysia', '', 0, '', '', 0, NULL, '00:00:00'),
(93, 2, 'Maldives', '', 0, '', '', 0, NULL, '00:00:00'),
(94, 2, 'Mongolia', '', 0, '', '', 0, NULL, '00:00:00'),
(95, 2, 'Myanmar', '', 0, '', '', 0, NULL, '00:00:00'),
(96, 2, 'Nepal', '', 0, '', '', 0, NULL, '00:00:00'),
(97, 2, 'North Korea', '', 0, '', '', 0, NULL, '00:00:00'),
(98, 2, 'Pakistan', '', 0, '', '', 0, NULL, '00:00:00'),
(99, 2, 'Philippines', '', 0, '', '', 0, NULL, '00:00:00'),
(100, 2, 'Singapore', '', 0, '', '', 0, NULL, '00:00:00'),
(101, 2, 'South Korea', '', 0, '', '', 0, NULL, '00:00:00'),
(102, 2, 'Sri Lanka', '', 0, '', '', 0, NULL, '00:00:00'),
(103, 2, 'Taiwan', '', 0, '', '', 0, NULL, '00:00:00'),
(104, 2, 'Tajikistan', '', 0, '', '', 0, NULL, '00:00:00'),
(105, 2, 'Thailand', '', 0, '', '', 0, NULL, '00:00:00'),
(106, 2, 'Vietnam', '', 0, '', '', 0, NULL, '00:00:00'),
(108, 3, 'Antigua', '<br>', 10000, 'k0175262.jpg', 'SB10063658HO-001.jpg', 0, '2009-05-27 00:00:00', '00:00:00'),
(109, 3, 'Bahamas', '', 0, 'ivantravelphoto-25.jpg', '', 0, NULL, '00:00:00'),
(110, 3, 'Barbados', '', 0, '', '', 0, NULL, '00:00:00'),
(111, 3, 'Dominica', '', 0, '', '', 0, NULL, '00:00:00'),
(112, 3, 'Grenada', '', 0, '', '', 0, NULL, '00:00:00'),
(113, 3, 'St.Kitts & Nevis', '', 0, '', '', 0, NULL, '00:00:00'),
(114, 3, 'St.Lucia', '', 0, '', '', 0, NULL, '00:00:00'),
(115, 3, 'St.Vincent & the Grenadines', '', 0, '', '', 0, NULL, '00:00:00'),
(116, 3, 'Trinidad & Tobago', '', 0, '', '', 0, NULL, '00:00:00'),
(118, 4, 'Andorra', 'test', 10000, 'country-road_~2129016.jpg', 'country-road_~k0165870.jpg', 0, '2007-09-21 16:34:54', '00:00:00'),
(119, 4, 'Armenia', '<br>', 10000, '', 'AA053116.jpg', 0, '2009-05-29 00:00:00', '00:00:00'),
(120, 4, 'Austria', '<br>', 10000, 'wolfgang_steiner-1.jpg', '20020445784-001.jpg', 0, '2009-05-20 00:00:00', '00:00:00'),
(121, 4, 'Azerbaijan', '', 0, '', '', 0, NULL, '00:00:00'),
(122, 4, 'Belarus', '', 0, '', '', 0, NULL, '00:00:00'),
(123, 4, 'Belgium', '', 0, '', '', 0, NULL, '00:00:00'),
(124, 4, 'Bosnia and Herzegovina', '', 0, '17968452.jpg', '', 0, NULL, '00:00:00'),
(125, 4, 'Bulgaria', '', 0, '', '', 0, NULL, '00:00:00'),
(126, 4, 'Croatia', '', 0, '', '', 0, NULL, '00:00:00'),
(127, 4, 'Czech Republic', '', 0, '', '', 0, NULL, '00:00:00'),
(128, 4, 'Denmark', '', 0, '', '', 0, NULL, '00:00:00'),
(129, 4, 'Estonia', '', 0, '', '', 0, NULL, '00:00:00'),
(130, 4, 'Finland', '', 0, '', '', 0, NULL, '00:00:00'),
(131, 4, 'France', '', 0, '', '', 0, NULL, '00:00:00'),
(132, 4, 'Georgia', '', 0, '', '', 0, NULL, '00:00:00'),
(133, 4, 'Germany', '', 0, '', '', 0, NULL, '00:00:00'),
(134, 4, 'Greece', '', 0, '', '', 0, NULL, '00:00:00'),
(135, 4, 'Hungary', '', 0, '', '', 0, NULL, '00:00:00'),
(136, 4, 'Iceland', '', 0, '', '', 0, NULL, '00:00:00'),
(137, 4, 'Ireland', '', 0, '', '', 0, NULL, '00:00:00'),
(138, 4, 'Italy', '', 0, '', '', 0, NULL, '00:00:00'),
(139, 4, 'Latvia', '', 0, '', '', 0, NULL, '00:00:00'),
(140, 4, 'Liechtenstein', '', 0, '', '', 0, NULL, '00:00:00'),
(141, 4, 'Lithuania', '', 0, '', '', 0, NULL, '00:00:00'),
(142, 4, 'Luxembourg', '', 0, '', '', 0, NULL, '00:00:00'),
(143, 4, 'Macedonia', '', 0, '', '', 0, NULL, '00:00:00'),
(144, 4, 'Malta', '', 0, '', '', 0, NULL, '00:00:00'),
(145, 4, 'Moldova', '', 0, '', '', 0, NULL, '00:00:00'),
(146, 4, 'Monaco', '', 0, '', '', 0, NULL, '00:00:00'),
(147, 4, 'Netherlands', '', 0, '', '', 0, NULL, '00:00:00'),
(148, 4, 'Norway', '', 0, '', '', 0, NULL, '00:00:00'),
(149, 4, 'Poland', '', 0, '', '', 0, NULL, '00:00:00'),
(150, 4, 'Portugal', '', 0, '', '', 0, NULL, '00:00:00'),
(151, 4, 'Romania', '', 0, '', '', 0, NULL, '00:00:00'),
(152, 4, 'Russian Federation', '', 0, '', '', 0, NULL, '00:00:00'),
(153, 4, 'San Marino', '', 0, '', '', 0, NULL, '00:00:00'),
(154, 4, 'Slovakia', '', 0, '', '', 0, NULL, '00:00:00'),
(155, 4, 'Slovenia', '', 0, '', '', 0, NULL, '00:00:00'),
(156, 4, 'Spain', '', 0, '', '', 0, NULL, '00:00:00'),
(157, 4, 'Sweden', '', 0, '', '', 0, NULL, '00:00:00'),
(158, 4, 'Switzerland', '', 0, '', '', 0, NULL, '00:00:00'),
(159, 4, 'Turkey', '', 0, '', '', 0, NULL, '00:00:00'),
(160, 4, 'Ukraine', '', 0, '', '', 0, NULL, '00:00:00'),
(161, 4, 'United Kingdom', '', 0, '', '', 0, NULL, '00:00:00'),
(162, 4, 'Yugoslavia', '', 0, '', '', 0, NULL, '00:00:00'),
(163, 5, 'Bahrain', '', 0, '', '', 0, NULL, '00:00:00'),
(164, 5, 'Cyprus', '', 0, '', '', 0, NULL, '00:00:00'),
(165, 5, 'Egypt', '', 0, '', '', 0, NULL, '00:00:00'),
(166, 5, 'Iran', '', 0, '', '', 0, NULL, '00:00:00'),
(167, 5, 'Iraq', '', 0, '', '', 0, NULL, '00:00:00'),
(168, 5, 'Israel', '', 0, '', '', 0, NULL, '00:00:00'),
(169, 5, 'Jordan', '', 0, 'Casus5-Galwegen.png', '', 0, NULL, '00:00:00'),
(170, 5, 'Kuwait', '', 0, '', '', 0, NULL, '00:00:00'),
(171, 5, 'Lebanon', '', 0, '', '', 0, NULL, '00:00:00'),
(172, 5, 'Oman', '', 0, '', '', 0, NULL, '00:00:00'),
(173, 5, 'Qatar', 'test test test', 0, '', '', 0, '2007-02-02 00:00:00', '00:00:00'),
(174, 5, 'Saudi Arabia', '', 0, '', '', 0, NULL, '00:00:00'),
(175, 5, 'Syria', '', 0, '', '', 0, NULL, '00:00:00'),
(176, 5, 'Turkey', '', 0, '', '', 0, NULL, '00:00:00'),
(177, 5, 'United Arab Emirates', '', 0, '', '', 0, NULL, '00:00:00'),
(178, 5, 'Yemen', '', 0, '', '', 0, NULL, '00:00:00'),
(179, 6, 'Belize', '', 0, '', '', 0, NULL, '00:00:00'),
(180, 6, 'Canada', '', 0, '', '', 0, NULL, '00:00:00'),
(181, 6, 'Costa Rica', '', 0, '', '', 0, NULL, '00:00:00'),
(182, 6, 'Cuba', '', 0, '', '', 0, NULL, '00:00:00'),
(183, 6, 'Dominican Republic', '', 0, '', '', 0, NULL, '00:00:00'),
(184, 6, 'El Salvador', '', 0, '', '', 0, NULL, '00:00:00'),
(185, 6, 'Guatemala', '', 0, '', '', 0, NULL, '00:00:00'),
(186, 6, 'Haiti', '', 0, '', '', 0, NULL, '00:00:00'),
(195, 6, 'Nicaragua', '', 0, '', '', 0, NULL, '00:00:00'),
(192, 6, 'Honduras', '', 0, '', '', 0, NULL, '00:00:00'),
(193, 6, 'Jamaica', '', 0, '', '', 0, NULL, '00:00:00'),
(194, 6, 'Mexico', '', 0, '', '', 0, NULL, '00:00:00'),
(196, 6, 'Panama', '', 0, '', '', 0, NULL, '00:00:00'),
(197, 6, 'United States of America', '', 0, '', '', 0, NULL, '00:00:00'),
(198, 7, 'Australia', '', 0, 'lennyseberry-2.jpg', '', 0, NULL, '00:00:00'),
(199, 7, 'Federated States of Micronesia', '', 0, '', '', 0, NULL, '00:00:00'),
(200, 7, 'Fiji', '', 0, '', '', 0, NULL, '00:00:00'),
(201, 7, 'Kiribati', '', 0, '', '', 0, NULL, '00:00:00'),
(202, 7, 'Marshall Islands', '', 0, '', '', 0, NULL, '00:00:00'),
(203, 7, 'Nauru', '', 0, '', '', 0, NULL, '00:00:00'),
(204, 7, 'New Zealand', '', 0, '', '', 0, NULL, '00:00:00'),
(205, 7, 'Palau', '', 0, '', '', 0, NULL, '00:00:00'),
(206, 7, 'Papua New Guinea', '', 0, '', '', 0, NULL, '00:00:00'),
(207, 7, 'Samoa', '', 0, '', '', 0, NULL, '00:00:00'),
(208, 7, 'Solomon Islands', '', 0, '', '', 0, NULL, '00:00:00'),
(209, 7, 'Tonga', '', 0, '', '', 0, NULL, '00:00:00'),
(210, 7, 'Tuvalu', '', 0, '', '', 0, NULL, '00:00:00'),
(211, 7, 'Vanuatu', '', 0, '', '', 0, NULL, '00:00:00'),
(212, 8, 'Argentina', '', 0, 'imagenbruja-3.jpg', '', 0, NULL, '00:00:00'),
(213, 8, 'Bolivia', '', 0, '', '', 0, NULL, '00:00:00'),
(214, 8, 'Brazil', '', 0, '', '', 0, NULL, '00:00:00'),
(215, 8, 'Chile', '', 0, 'willbl-3.jpg', '', 0, NULL, '00:00:00'),
(216, 8, 'Colombia', '', 0, '', '', 0, NULL, '00:00:00'),
(217, 8, 'Ecuador', '', 0, 'Tiger_0033-320x256.jpg', '', 0, NULL, '00:00:00'),
(218, 8, 'French Guiana', '', 0, '', '', 0, NULL, '00:00:00'),
(219, 8, 'Guyana', 'ryry', 10000, 'christmas-box.jpg', '', 0, '2007-09-21 00:00:00', '00:00:00'),
(220, 8, 'Paraguay', '', 10000, '', '', 0, '2007-09-21 00:00:00', '00:00:00'),
(222, 8, 'Suriname', '<br>', 10000, 'dodaj u korpu.png', '', 0, '2007-09-21 00:00:00', '00:00:00'),
(223, 8, 'Urugvay', '<br>', 250000, '', '', 1, '2007-09-21 00:00:00', '00:00:00'),
(227, 9, 'Arctic', 'Lorem ipsum dolor.', 10000, '', '200205784-001.jpg', 0, '2007-10-02 00:00:00', '12:13:00');


CREATE TABLE IF NOT EXISTS `demo_democracy` (
  `id` int(10) unsigned NOT NULL auto_increment,
  `description` varchar(20) NOT NULL default '',
  PRIMARY KEY  (`id`)
) ENGINE=MyISAM  DEFAULT CHARSET=latin1 AUTO_INCREMENT=3 ;


INSERT INTO `demo_democracy` (`id`, `description`) VALUES
(1, 'Yes'),
(2, 'No');


CREATE TABLE IF NOT EXISTS `demo_presidents` (
  `id` int(11) NOT NULL auto_increment,
  `country_id` int(11) unsigned NOT NULL default '0',
  `name` varchar(50) default NULL,
  `birth_date` date default NULL,
  `status` enum('Candidate','Vice','Current') default 'Candidate',
  `favorite_color` varchar(7) NOT NULL,
  `is_active` tinyint(1) NOT NULL default '0',
  PRIMARY KEY  (`id`)
) ENGINE=MyISAM  DEFAULT CHARSET=latin1 AUTO_INCREMENT=8 ;


INSERT INTO `demo_presidents` (`id`, `country_id`, `name`, `birth_date`, `status`) VALUES
(1, 1, 'Mombo', '1995-02-14', 'Candidate', '#1E90FF', 0),
(2, 2, 'Rombo', '1965-11-08', 'Candidate', '#FF7F50', 1),
(3, 173, 'mr. Portos', '2007-02-23', 'Candidate', '#800080', 1),
(5, 160, 'Kuchma', '2007-02-06', 'Vice', '#FFFFE0', 0),
(6, 227, 'Rondo', '1952-02-14', 'Candidate', '#87CEFA', 0),
(7, 225, 'Poro', '2007-02-19', 'Candidate', '#00008B', 1);


CREATE TABLE IF NOT EXISTS `demo_products` (
  `id` int(11) NOT NULL auto_increment,
  `supplier_id` tinyint(3) NOT NULL,
  `name` varchar(125) NOT NULL,
  `short_description` varchar(255) NOT NULL,
  `long_description` text NOT NULL,
  `image_thumb` varchar(50) NOT NULL,
  `image_big` varchar(50) NOT NULL,
  `price` decimal(10,2) NOT NULL default '0.00',
  `date_added` datetime NOT NULL,
  `last_updated` datetime NOT NULL,
  `available_from` datetime NOT NULL,
  `statistics` smallint(6) NOT NULL default '0',
  `subscribe` tinyint(1) NOT NULL default '0',
  `is_featured` enum('No','Yes') NOT NULL,
  PRIMARY KEY  (`id`)
) ENGINE=MyISAM  DEFAULT CHARSET=latin1 AUTO_INCREMENT=14 ;


INSERT INTO `demo_products` (`id`, `supplier_id`, `name`, `short_description`, `long_description`, `image_thumb`, `image_big`, `price`, `date_added`, `last_updated`, `available_from`, `statistics`, `subscribe`, `is_featured`) VALUES
(3, 3, 'Ligth-Box XRT-345', 'Duis a sapien. Integer quis lorem. Nam varius leo in eros. Nullam urna felis, eleifend sed, ornare id, rutrum quis, mauris. Pellentesque sodales. Vivamus fringilla. Sed pulvinar', '<P>Duis a sapien. Integer quis lorem. Nam varius leo in eros. Nullam urna felis, eleifend sed, ornare id, rutrum quis, mauris. Pellentesque sodales. Vivamus fringilla. Sed pulvinar. Morbi sagittis dapibus diam. Sed euismod, nibh quis tincidunt lobortis, magna turpis dictum mi, scelerisque molestie dui felis non turpis. Curabitur sollicitudin erat vel erat. Nulla lacinia dolor vel lectus. Sed lacinia tincidunt orci. Sed vel tellus. Vestibulum consequat elit accumsan orci. Mauris ac dolor a mauris consectetur blandit. In blandit, massa vitae bibendum convallis, ante tellus lobortis nunc, a aliquet tortor velit quis nulla. In non ipsum sed nunc dapibus tristique. Sed est erat, mollis eget, tincidunt at, sagittis eu, velit. Praesent porta diam ac urna. Donec lectus enim, pellentesque et, lobortis nec, lacinia vitae, neque. </P>', 'img_t5y9oy3o3d.jpg', 'img_wkq7vm5gjp.jpg', '125.90', '2008-12-06 01:30:37', '2008-12-06 01:30:37', '2008-12-06 01:30:37', 26, 0, 'No'),
(2, 4, 'Model X-234VT', 'Curabitur consequat lobortis diam. Vivamus non quam. Mauris eu erat. Quisque hendrerit, dui vel dapibus ultrices, nunc nulla egestas nulla, id gravida lectus dui ut felis. Phasellus pretium.', '<P>Curabitur consequat lobortis diam. Vivamus non quam. Mauris eu erat. Quisque hendrerit, dui vel dapibus ultrices, nunc nulla egestas nulla, id gravida lectus dui ut felis. Phasellus pretium. Cras tellus. Mauris cursus mauris ut sem. Aenean non est. Nullam at ante at mi adipiscing pulvinar. Cras risus dolor, rutrum ac, feugiat eu, tempus id, magna. Ut nec neque vitae eros porttitor tempus. Quisque varius tincidunt urna. Duis vulputate, tellus vitae rutrum eleifend, nisi mauris pretium urna, eleifend scelerisque dui ipsum et elit. In enim lacus, consequat a, egestas vel, rutrum et, nulla. Nullam tincidunt velit ac magna. Curabitur est leo, blandit ac, sodales aliquam, vestibulum nec, tortor. Nulla tempus mauris ut sem. Maecenas laoreet sodales purus. </P>', 'img_2.jpg', 'img_kstaapr6fc.jpg', '99.99', '2009-01-03 01:35:00', '2008-12-06 01:35:00', '2008-12-06 01:35:00', 95, 1, 'Yes'),
(4, 1, 'WTS: Nopoa N95 (8GB)', 'Aenean dignissim porttitor urna. Sed malesuada, odio non pulvinar lobortis, arcu eros consequat arcu, et sodales leo libero in lectus. In lacus ligula, convallis sit amet, tristique a, varius id, neque.', '<P>Aenean dignissim porttitor urna. Sed malesuada, odio non pulvinar lobortis, arcu eros consequat arcu, et sodales leo libero in lectus. In lacus ligula, convallis sit amet, tristique a, varius id, neque. Morbi quis enim. Morbi ipsum ipsum, congue et, consectetur viverra, blandit eu, mi. Etiam feugiat sem auctor magna. Pellentesque habitant morbi tristique senectus et netus et malesuada fames ac turpis egestas. Mauris quis lacus blandit erat bibendum elementum. Nulla facilisi. Etiam ac eros. Mauris malesuada, turpis nec tempor gravida, orci erat laoreet velit, non pretium enim velit ac metus. Vivamus congue, nulla sed facilisis interdum, sapien dui vehicula erat, sit amet auctor lacus ipsum eget metus. Vestibulum ante ipsum primis in faucibus orci luctus et ultrices posuere cubilia Curae; Phasellus sem velit, suscipit in, pretium sed, dapibus ut, risus. Pellentesque habitant morbi tristique senectus et netus et malesuada fames ac turpis egestas. Integer eget dui. Pellentesque volutpat rhoncus nunc. Sed tristique justo at felis. Nam consequat placerat massa. </P>', 'img_nnk9tfkl3q.jpg', 'img_hntijyk1rb.gif', '319.00', '2008-11-06 01:37:15', '2008-12-06 01:37:15', '2009-01-02 01:37:15', 33, 0, 'No'),
(5, 5, 'XPERIA X1,HTC', 'Lorem ipsum dolor sit amet, consectetur adipiscing elit. Mauris adipiscing lacus ac odio. Nulla facilisi.', '<P>Lorem ipsum dolor sit amet, consectetur adipiscing elit. Mauris adipiscing lacus ac odio. Nulla facilisi. Morbi pretium, nibh vitae convallis hendrerit, orci mi auctor tortor, vel sollicitudin nibh lectus pharetra turpis. Praesent vitae ante a pede congue dictum. Curabitur placerat, urna vel mattis sollicitudin, magna augue venenatis orci, et euismod diam neque eget quam. Proin vitae odio. Quisque vel eros nec mi porttitor hendrerit. Suspendisse a urna. Mauris in est. Quisque viverra velit ullamcorper elit. Donec rhoncus mi vel urna convallis auctor. Integer faucibus lectus in magna. Integer commodo, est nec auctor iaculis, ligula urna rutrum augue, non congue mi risus tincidunt pede. Aliquam erat volutpat. Proin quis dui. Aliquam erat volutpat. Curabitur leo mauris, sodales sed, aliquet id, laoreet ac, sem. Integer aliquam, est ut scelerisque pharetra, justo lorem feugiat odio, vel tempus massa diam et lectus. Nullam consequat ligula in erat. Proin lacinia euismod lacus. </P>', 'img_ndbyh2yp4x.jpg', 'img_bbn6o7tdnv.jpg', '289.00', '2008-12-06 01:38:35', '2008-12-06 01:38:35', '2008-12-31 01:38:35', 47, 0, 'No'),
(6, 7, 'iPod Video.KIA', 'Integer hendrerit gravida sem. Nullam molestie felis eu sapien. Ut luctus est. Pellentesque habitant morbi tristique senectus et netus et malesuada fames ac turpis egestas.', '<P>Integer hendrerit gravida sem. Nullam molestie felis eu sapien. Ut luctus est. Pellentesque habitant morbi tristique senectus et netus et malesuada fames ac turpis egestas. Nullam diam metus, feugiat ac, sodales a, tincidunt sed, mauris. Nunc fermentum odio sed enim. Pellentesque elementum massa tincidunt urna. Fusce pellentesque. Maecenas fringilla tempus risus. Suspendisse sit amet arcu. Ut fringilla, diam et fermentum ornare, neque elit elementum felis, in luctus lectus nisi sit amet lorem. Nulla pretium tincidunt lectus. </P>', 'img_qjztlykao2.jpg', 'img_nn65p17hnm.jpg', '344.00', '2008-12-06 01:28:40', '2008-12-06 01:28:40', '2007-09-27 21:00:00', 16, 0, 'No'),
(7, 8, 'XPERT-345', 'Duis quis nunc. Vestibulum tortor lectus, dignissim et, ultricies in, tempus ac, libero.', '<P>Duis quis nunc. Vestibulum tortor lectus, dignissim et, ultricies in, tempus ac, libero. Maecenas urna justo, placerat vitae, pellentesque sit amet, ultrices et, dolor. In posuere quam in risus. Pellentesque at tortor vitae lectus mollis vestibulum. Aenean orci metus, bibendum a, pretium non, sagittis id, nulla. Vivamus vitae risus. Vivamus risus ipsum, scelerisque at, mattis ac, sollicitudin vel, mauris. Phasellus feugiat est id erat. Sed sed tellus sit amet magna auctor congue. Vivamus et mi sed eros laoreet laoreet. Aliquam et risus quis erat condimentum sagittis. Vestibulum congue tempus tortor. Mauris fermentum commodo risus. </P>', 'img_l1ogmx3t9n.jpg', 'img_y5livbdsdi.jpg', '230.00', '2008-12-06 01:39:13', '2008-12-06 01:39:13', '2008-07-16 01:39:13', 98, 0, 'No'),
(8, 6, 'Rondo-Nint VT46', 'Duis non arcu. Sed interdum nisi sit amet massa. Fusce dolor quam, rhoncus a, porta id, mattis id, nisi.', '<P>Duis non arcu. Sed interdum nisi sit amet massa. Fusce dolor quam, rhoncus a, porta id, mattis id, nisi. Nunc at neque id nulla pharetra imperdiet. Nullam a lorem. Proin ut lorem sed libero sollicitudin pulvinar. Vivamus imperdiet. Mauris odio. Suspendisse est metus, ornare et, pretium nec, commodo ut, tortor. Aenean sed velit a turpis iaculis vestibulum. </P>', 'img_m1mc3tb4il.jpg', 'img_jpu0tpk508.jpg', '175.00', '2008-12-06 01:38:51', '2008-12-06 01:38:51', '2010-05-30 01:38:51', 7, 0, 'No'),
(9, 8, 'OPAL-XRT44', 'Proin arcu. Nam tempus enim sed mauris. Quisque magna. Sed hendrerit erat in leo. Nulla in mi.', '<P>Proin arcu. Nam tempus enim sed mauris. Quisque magna. Sed hendrerit erat in leo. Nulla in mi. Quisque in sem. Praesent lobortis cursus nisi. Maecenas mattis. Aliquam rhoncus dictum lacus. Maecenas turpis. Mauris tincidunt consequat sapien. Sed ornare orci at pede. Sed a risus sit amet elit interdum viverra. </P>', 'img_avnxlcjm96.jpg', 'img_n2xpeyh0vv.jpg', '155.00', '2009-01-26 01:35:23', '2008-12-06 01:35:23', '2008-12-06 01:35:23', 82, 0, 'No'),
(10, 3, 'Mario-S X43', 'Pellentesque egestas blandit mauris. Donec luctus augue quis massa. Class aptent taciti sociosqu ad litora torquent per conubia nostra, per inceptos himenaeos. Nunc imperdiet.', '<P>Pellentesque egestas blandit mauris. Donec luctus augue quis massa. Class aptent taciti sociosqu ad litora torquent per conubia nostra, per inceptos himenaeos. Nunc imperdiet. Donec porta, mauris non fermentum rutrum, metus ipsum suscipit enim, in cursus tortor nunc sed metus. Donec justo erat, consequat at, congue quis, congue non, lorem. Fusce libero. Nulla justo velit, sodales vel, varius eget, volutpat ac, est. Morbi mattis. Pellentesque lobortis, magna a cursus malesuada, felis turpis porttitor sem, sed hendrerit enim augue quis purus. Vivamus porttitor, libero sit amet elementum facilisis, lectus quam feugiat elit, lobortis suscipit libero augue sed orci. </P>', 'img_kr6z08gg71.jpg', 'img_hxjwu8ghda.jpg', '233.50', '2008-12-13 01:34:40', '2008-12-06 01:34:40', '2008-12-06 01:34:40', 53, 0, 'No'),
(11, 5, 'PalmoRR-32', 'Quisque nisi risus, fermentum non, venenatis fringilla, mollis vel, dolor. Nam quam neque, pellentesque non, lacinia imperdiet, rhoncus id, libero. Morbi dui.', '<P>Quisque nisi risus, fermentum non, venenatis fringilla, mollis vel, dolor. Nam quam neque, pellentesque non, lacinia imperdiet, rhoncus id, libero. Morbi dui. Sed consequat, massa sit amet pharetra aliquet, libero tortor facilisis quam, id iaculis ante nulla eu nisi. Fusce placerat. Ut suscipit suscipit purus. Duis dolor tellus, tempus et, mollis eu, aliquam accumsan, est. Phasellus odio. Duis elementum mollis orci. Cras fringilla ante non est. Nam ornare feugiat mauris. </P>', 'img_sabyctzf0a.jpg', 'img_ytlxwdr27d.jpg', '82.50', '2008-12-06 01:36:19', '2008-12-06 01:36:19', '2008-12-06 01:36:19', 65, 0, 'No'),
(12, 4, 'TornadoXZ-3', 'Donec elementum varius purus. Fusce tempor massa et sapien aliquet pretium.', '<P>Donec elementum varius purus. Fusce tempor massa et sapien aliquet pretium. Aenean magna ipsum, molestie non, blandit at, blandit quis, enim. Suspendisse dolor. Maecenas non risus. Duis auctor dolor non lectus interdum blandit. Sed varius aliquet arcu. In vitae augue in quam sollicitudin rhoncus. Proin sed mauris. Donec vulputate vestibulum nibh. Integer convallis, tortor id vehicula facilisis, sem dui eleifend massa, at tempus erat quam suscipit tellus. Morbi hendrerit. </P>', 'img_dfv86uru84.jpg', 'img_esgz4eky2s.jpg', '250.00', '2015-10-27 00:00:00', '2008-12-06 01:36:39', '2008-12-06 01:36:39', 52, 0, 'No'),
(13, 1, 'OrbitonCV-4', 'Quisque lectus velit, volutpat at, consequat quis, elementum eu, erat. Morbi ut diam. Fusce imperdiet. Suspendisse convallis pulvinar libero. Sed ut nunc. Etiam luctus', '<P>Quisque lectus velit, volutpat at, consequat quis, elementum eu, erat. Morbi ut diam. Fusce imperdiet. Suspendisse convallis pulvinar libero. Sed ut nunc. Etiam luctus. Vestibulum id eros. Sed accumsan, mi a tincidunt aliquam, eros magna mollis elit, quis sodales orci magna nec nulla. Sed tincidunt feugiat ante. Nullam posuere dui. Donec interdum, tellus placerat euismod suscipit, risus nulla commodo dolor, a porta pede nibh id nulla. Vivamus ipsum arcu, volutpat ac, volutpat vitae, scelerisque eu, ipsum. Maecenas sagittis luctus odio. In hac habitasse platea dictumst. Vestibulum dolor dolor, suscipit vitae, interdum sit amet, viverra sit amet, libero. In iaculis libero vitae velit. Mauris enim urna, ultricies nec, vehicula vel, posuere nec, neque. Cras arcu diam, fermentum ullamcorper, molestie sit amet, blandit sit amet, magna. Duis quis justo. </P>', 'img_gx056xce04.jpg', 'img_fikdao0lqz.jpg', '200.00', '2009-02-09 01:35:49', '2008-12-06 01:35:49', '2008-12-06 01:35:49', 72, 0, 'No');



CREATE TABLE IF NOT EXISTS `demo_regions` (
  `id` tinyint(3) unsigned NOT NULL auto_increment,
  `name` varchar(20) NOT NULL default '',
  PRIMARY KEY  (`id`)
) ENGINE=MyISAM  DEFAULT CHARSET=latin1 AUTO_INCREMENT=10 ;


INSERT INTO `demo_regions` (`id`, `name`) VALUES
(1, 'Africa'),
(2, 'Asia'),
(3, 'Caribbean'),
(4, 'Europe'),
(5, 'Middle East'),
(6, 'North America'),
(7, 'Oceania'),
(8, 'South America'),
(9, 'North & South Poles');



CREATE TABLE IF NOT EXISTS `demo_suppliers` (
  `id` tinyint(3) NOT NULL auto_increment,
  `name` varchar(50) NOT NULL,
  PRIMARY KEY  (`id`)
) ENGINE=MyISAM  DEFAULT CHARSET=latin1 AUTO_INCREMENT=9 ;


INSERT INTO `demo_suppliers` (`id`, `name`) VALUES
(1, 'Nokia'),
(2, 'Motorola'),
(3, 'Apple iPhone '),
(4, 'BenQ-Siemens'),
(5, 'Palm/palmOne'),
(6, 'Philips'),
(7, 'Sony Ericsson'),
(8, 'VK Mobile ');



CREATE TABLE IF NOT EXISTS `demo_cars` (
  `id` int(10) NOT NULL auto_increment,
  `model_name` varchar(70) NOT NULL,
  `description` text NOT NULL,
  `image_thumb` varchar(125) NOT NULL,
  `image` varchar(125) NOT NULL,
  `price_from` decimal(12,2) default '0.00',
  `price_to` decimal(12,2) default '0.00',
  `submodels` varchar(255) NOT NULL,
  PRIMARY KEY  (`id`)
) ENGINE=MyISAM  DEFAULT CHARSET=latin1 AUTO_INCREMENT=7 ;



INSERT INTO `demo_cars` (`id`, `model_name`, `description`, `image_thumb`, `image`, `price_from`, `price_to`, `submodels`) VALUES
(1, 'Chevrolet MDX-213', 'The 2010 Chevrolet Cobalt continues essentially unchanged for 2010 with new exterior and interior colors added. The fuel-efficient XFE is rated at 37 mpg highway, the LS and LT are rated at 33 mpg highway and the high-performance Cobalt SS is rated at 30 mpg highway.', 'car_thumb_tieif5yfrb.jpg', 'car_rdjs94sey1.jpg', '99000.00', '130000.00', '4.2 Q2 Speed (A) | 9 JTDM Diesel (A) | 3.2 Q4 (M) | 3.2 Q4 (A)'),
(2, '2010 Chevrolet Aveo', 'Vehicle Highlights\r\n\r\nThe 2009 Chevrolet Aveo lineup gets slightly more power, standard OnStar assistance, and a restyled hatchback model. Chevrolet\\''s smallest car comes as a 4-door sedan or a 4-door hatchback called the Aveo5. Both body styles come in LS and uplevel LT trims. All have a 106-hp 1.6-liter 4-cylinder engine, an increase of 3 hp from 2008. A 5-speed manual transmission is standard, and a 4-speed automatic is optional. Available safety equipment includes ABS and front-side airbags. A 2LT option package includes cruise control, heated power mirrors, power windows and locks, satellite radio, and remote entry.\r\nCOMPETITION\r\n\r\nConsumer Guide Automotive places each vehicle into one of 18 classes based on size, price, and market position. The subcompact class is made up of the smallest hatchbacks, sedans, and wagons on the market. These are generally considered economy cars.\r\n\r\nOur Best Buys include the Honda Fit and Suzuki SX4. Our Recommended picks are the Hyundai Accent, Kia Rio, and Scion xD. New or significantly redesigned models include the Chevrolet Aveo, Honda Fit, and Pontiac G3. The Toyota Yaris adds a 4-door hatchback to its model lineup for 2009.', 'car_thumb_zkcqteafru.jpg', 'car_sjp1tuhglg.jpg', '125500.00', '250000.00', '2.2 Q2 Selespeed (A) | 1.9 JTDM Diesel (A) | 3.2 Q4 (M) | 3.2 Q4 (A)'),
(3, 'Alfa Romeo 159', 'Overview  	\r\n	Born from Alfa\\''s long, widely acknowledged experience in the production of prestigious sports saloon, the Alfa Romeo 159 represents a masterpiece in the automobile industry. Designed by Giorgetto Giugiaro in collaboration with the Alfa Romeo Styling Centre, this new gem has an elegant, sinuous line which combines generous dimensions with the compactness typical of Alfa Romeo sportiness. 	\r\n	Exterior 	\r\n	Alfa 159 is a prestigious 4 door saloon car featuring generous measurements which is roomier than Alfa 156; 4,660 mm long, 1,828 mm wide and 1,417 high with a wheel base of 2,700 mm. It is designed and developed with high performance materials such as multi sheet metal and laser welding.\r\n\r\nThe new model is equipped with the new aluminium petrol engines, created by the Alfa Romeo engineers, each with JTS direct injection and Twin Phaser technology, providing exceptional driving sensations. 	\r\n	Interior 	\r\n	The Alfa 159 features an innovative ignition system comprising an electronic key with three buttons, an electronic key reader on the facia, a starter button next to the electronic key reader and an electronic steering wheel lock on the steering column. To start the engine, the key must be inserted in the reader, after which the button has to be pushed together with the clutch and/or brake pedal for the utmost security purpose.\r\n\r\nIt also offers as an option a sophisticated and high- tech built-in protection system that comprises the volumetric, anti-lift, anti-break in, anti-theft safe lock device, making it impossible to open the doors even if the window is broken.', 'car_thumb_amcahdm7oz.jpg', 'car_ih8culu2bv.jpg', '89000.00', '124000.00', ' 2.3 Q2 Gelespeed (A) | 4.9 JTM Diesel (A) | 3.2 Q4 (M) | 3.2 Q (A)'),
(4, 'Land Rover', 'Overview\r\nThe Land Rover is a thoroughbred sports car with GT levels of comfort and refinement. Combining Aston Martin’s unique character with an uncompromising design philosophy, the DB9 was borne out of a synthesis of traditional craftsmanship, high-tech manufacturing, modern components and use of the finest materials.\r\n\r\nThe car is both a full-blooded sports car and a hugely capable grand tourer. Whether in Coupe or Volante form, it offers a supreme combination of driver involvement, character, luxury and refinement.   \r\n\r\nExterior\r\n No sports car manufacturer has a greater design heritage than Aston Martin. Responsible for some of the most beautiful sports cars ever made, Aston Martin imbues every model with understated elegance and graceful styling, achieved through harmonious proportions, taut surfacing, a ground-hugging stance and thorough attention to detail. ', 'car_thumb_gvajbk9ap7.jpg', 'car_q3lsyqobi3.jpg', '125000.00', '198000.00', 'CDT-9 | AutoX 345-DFG | BB-56'),
(5, 'Chrysler', 'Overview  \r\nChrysler 300C is engineered to offer a smooth, luxurious ride while maintaining a feeling of control and confidence. Effort was also focused on minimising noise, vibration and harshness, resulting in a driving experience that is smooth and quiet.  \r\n\r\nExterior\r\nThe Chrysler 300C promises to never pass unnoticed; its highly distinctive front end with the striking bold grille and long bonnet will certainly turn heads. The Chrysler 300C offers athletic and nimble suspension and steering characteristics, with the front and rear suspension tuned for greater handling performance. A well damped ride, with reduced body roll, gives the customer a precise and responsive driving experience.  \r\n \r\nInterior\r\nThe striking exterior proportions of the Chrysler 300C are matched inside the saloon. The 300C has best-in-class rear legroom of 1020mm. The well appointed interior features satin silver accents and an elegant analogue clock. All models feature a dark and light slate grey leather interior and a host of standard equipment.   \r\n', 'car_thumb_i5w0z5mb0s.jpg', 'car_r7j9a60sxi.jpg', '142000.00', '159000.00', '3.5 (A) | 3.5 (C) '),
(6, 'Mercedes-Benz', 'Overview  \r\nMatchless design and concept, unrivalled standards of safety and high-class appeal: the new A-Class injects Mercedes finesse into the compact car segment. Underpinned by its singular sandwich construction, the new A-Class boasts a host of tantalising benefits, such as Mercedes standards of occupant safety, exemplary utilisation of space and outstanding versatility. The levels of spaciousness inside the vehicle are a marked improvement on the outgoing model and also better other compact cars. The new A-Class also clearly out-strips its competitors when it comes to high-class appeal, further substantiat-ing its premium billing.  \r\n \r\nExterior\r\nThe one-of-a-kind body concept and the eye-catching one-box design clearly set the Mercedes compact car aside from other cars in its segment. The lines of the body-shell capture the special nature of the new A-Class, as well as epitomising its overriding characteristics: dynamism, intelligence and appeal. Restyled headlamps, a bolder radiator grille, powerfully contoured wings and the sweeping lines along the sides combine to reinforce the overall impression of compactness, dynamism and self-assurance. The growth in the body\\''s dimensions and proportions now gives the A Class a more powerful stature: compared to the previous model, the new compact car from Mercedes measures 232 millimetres longer from nose to tail and an extra 45 millimetres widthways. \r\n', 'car_thumb_rcs6hl9ues.jpg', 'car_v6h11q7yyr.jpg', '155000.00', '175000.00', 'XD-34 | 3.5 TYU');


CREATE TABLE IF NOT EXISTS `demo_downloads` (
  `id` int(11) NOT NULL auto_increment,
  `download_date` datetime NOT NULL,
  `download_type` tinyint(1) NOT NULL default '0',
  PRIMARY KEY  (`id`),
  KEY `download_type` (`download_type`)
) ENGINE=MyISAM  DEFAULT CHARSET=latin1 AUTO_INCREMENT=10367 ;

INSERT INTO `demo_downloads` (`id`, `download_date`, `download_type`) VALUES
(8, '2009-01-26 10:04:40', 0),
(7, '2009-01-26 09:48:55', 0),
(6, '2009-01-26 09:44:43', 0),
(5, '2009-01-26 09:18:28', 0),
(9, '2009-02-26 10:28:07', 0),
(10, '2009-02-26 10:31:43', 0),
(11, '2009-02-26 12:17:03', 0),
(12, '2009-02-26 12:24:28', 0),
(13, '2009-02-26 12:48:40', 0),
(14, '2009-02-26 13:02:56', 0),
(15, '2009-02-26 13:56:58', 0),
(16, '2009-02-26 14:17:46', 0),
(17, '2009-02-26 14:33:15', 0),
(18, '2009-03-26 15:00:03', 0),
(19, '2009-03-26 15:25:50', 0),
(20, '2009-04-26 15:31:23', 0),
(21, '2009-04-26 15:44:22', 0),
(22, '2009-04-26 15:44:38', 0),
(23, '2009-04-26 15:57:55', 0),
(24, '2009-04-26 16:01:58', 0),
(25, '2009-04-26 16:04:23', 0),
(26, '2009-04-26 16:04:55', 0),
(27, '2009-05-26 16:07:16', 0),
(28, '2009-05-26 17:14:27', 0),
(29, '2009-05-26 17:19:50', 0),
(30, '2009-05-26 17:20:19', 0),
(31, '2009-06-26 17:53:39', 0),
(32, '2009-06-26 18:34:03', 0),
(33, '2009-06-26 18:51:10', 0),
(34, '2009-06-26 18:51:23', 0),
(65, '2009-07-27 12:10:01', 0),
(66, '2009-07-27 13:27:20', 0),
(67, '2009-07-27 13:28:19', 0),
(68, '2009-07-27 13:29:09', 0),
(69, '2009-07-27 13:30:23', 0),
(70, '2009-07-27 13:50:57', 0),
(71, '2009-07-27 13:54:38', 0),
(72, '2009-07-27 14:00:41', 0),
(73, '2009-07-27 14:13:04', 0),
(74, '2009-07-27 14:15:12', 0),
(75, '2009-07-27 14:49:46', 0),
(76, '2009-08-27 14:50:11', 0),
(77, '2009-08-27 15:11:16', 0),
(78, '2009-08-27 15:12:34', 0),
(79, '2009-08-27 15:19:57', 0),
(80, '2009-08-27 15:40:16', 0),
(81, '2009-08-27 16:19:59', 0),
(82, '2009-08-27 16:36:47', 0),
(83, '2009-08-27 16:37:14', 0),
(84, '2009-09-27 16:37:23', 0),
(85, '2009-09-27 17:34:02', 0),
(86, '2009-09-27 17:43:48', 0),
(87, '2009-09-27 18:33:29', 0),
(88, '2009-10-27 18:46:43', 0),
(89, '2009-10-27 18:47:56', 0),
(90, '2009-10-27 20:01:47', 0),
(91, '2009-10-27 20:01:56', 0),
(92, '2009-10-27 20:51:43', 0),
(93, '2009-11-27 20:51:53', 0),
(94, '2009-11-27 21:27:50', 0),
(95, '2009-11-27 21:28:17', 0),
(96, '2009-12-27 23:13:41', 0),
(97, '2009-12-27 23:14:19', 0),
(98, '2009-12-27 23:21:00', 0),
(99, '2009-12-27 23:38:28', 0),
(100, '2010-01-28 02:14:13', 0),
(101, '2010-01-08 14:37:48', 0),
(102, '2010-02-08 14:41:59', 0),
(103, '2010-02-08 15:53:29', 0),
(104, '2010-02-08 16:07:40', 0),
(105, '2010-02-08 16:11:50', 0),
(106, '2010-02-08 19:09:18', 0),
(107, '2010-03-08 19:42:24', 0),
(108, '2010-03-08 19:42:37', 0),
(109, '2010-03-08 19:45:51', 0),
(110, '2010-03-08 20:04:37', 0),
(111, '2010-03-08 20:14:20', 0),
(112, '2010-03-08 20:14:47', 0),
(113, '2010-03-08 20:53:22', 0),
(114, '2010-04-08 21:07:30', 0),
(115, '2010-12-08 22:24:31', 0),
(116, '2010-12-08 22:58:49', 0),
(117, '2010-12-08 23:45:02', 0),
(118, '2010-12-09 03:20:42', 0),
(119, '2010-12-09 03:36:39', 0),
(120, '2010-12-09 04:13:38', 0),
(121, '2010-12-09 04:15:10', 0),
(122, '2010-12-09 04:37:13', 0),
(123, '2010-12-09 08:12:16', 0),
(124, '2010-12-09 08:16:31', 0),
(125, '2010-12-09 08:39:36', 0),
(126, '2010-12-09 09:09:55', 0),
(127, '2011-12-09 09:14:33', 0),
(128, '2011-12-09 09:14:39', 0),
(129, '2011-12-09 09:22:42', 0),
(130, '2011-12-09 09:31:57', 0),
(131, '2011-12-09 09:35:12', 0),
(132, '2011-12-09 09:35:39', 0),
(133, '2008-12-09 09:49:58', 0),
(134, '2008-12-09 10:03:52', 0),
(135, '2008-12-09 10:14:55', 0),
(136, '2008-03-09 10:27:16', 0),
(137, '2008-02-09 10:31:37', 0),
(138, '2008-02-09 10:54:06', 0),
(139, '2008-01-09 11:21:28', 0),
(140, '2009-12-09 12:02:18', 0),
(141, '2009-12-09 12:25:35', 0),
(142, '2009-12-09 12:30:57', 0),
(143, '2009-12-09 12:43:45', 0),
(144, '2009-12-09 12:43:54', 0),
(145, '2009-12-09 12:44:19', 0),
(146, '2009-12-09 12:45:38', 0),
(147, '2009-12-09 13:24:55', 0),
(148, '2009-12-09 13:25:29', 0),
(149, '2009-12-09 13:25:48', 0),
(150, '2009-12-09 14:06:05', 0),
(151, '2009-12-09 14:26:16', 0),
(152, '2009-12-09 14:54:13', 0),
(153, '2009-12-09 14:54:46', 0),
(154, '2009-12-09 14:54:54', 0),
(155, '2009-12-09 15:34:22', 0),
(156, '2009-12-09 15:41:08', 0),
(157, '2009-12-09 15:46:31', 0),
(158, '2009-12-09 16:07:58', 0),
(159, '2009-12-09 16:10:46', 0),
(160, '2009-12-09 16:13:34', 0),
(161, '2009-12-09 16:58:20', 0),
(162, '2009-12-09 17:08:12', 0),
(163, '2009-12-09 17:25:24', 0),
(164, '2009-12-09 17:25:27', 0),
(165, '2009-12-09 17:38:02', 0),
(166, '2009-12-09 17:58:58', 0),
(167, '2009-12-09 18:01:58', 0),
(168, '2009-12-09 18:17:06', 0),
(169, '2009-12-09 18:35:09', 0),
(170, '2009-12-09 19:02:18', 0),
(171, '2009-12-09 19:02:28', 0),
(172, '2009-12-09 19:04:53', 0),
(173, '2009-12-09 19:06:06', 0),
(174, '2009-12-09 19:06:32', 0),
(175, '2009-12-09 19:08:35', 0),
(176, '2009-12-09 20:41:21', 0),
(177, '2009-12-09 20:50:53', 0),
(178, '2009-12-09 21:23:07', 0),
(179, '2009-12-09 21:27:35', 0),
(180, '2009-12-09 21:29:06', 0),
(181, '2009-12-09 21:39:53', 0),
(182, '2009-12-09 23:05:37', 0),
(183, '2009-12-09 23:08:10', 0),
(184, '2009-12-09 23:45:19', 0),
(185, '2009-12-10 01:10:54', 0),
(186, '2009-12-10 01:12:00', 0),
(187, '2009-12-10 02:42:51', 0),
(188, '2009-12-10 03:49:57', 0),
(189, '2009-12-10 04:25:50', 0),
(190, '2009-12-10 04:32:46', 0),
(191, '2009-12-10 05:17:12', 0),
(192, '2009-12-10 05:22:55', 0),
(193, '2009-12-10 05:34:19', 0),
(194, '2009-12-10 05:35:02', 0),
(195, '2009-12-10 05:38:49', 0),
(196, '2009-12-10 06:14:46', 0),
(197, '2009-12-10 06:25:34', 0),
(198, '2009-12-10 06:41:58', 0),
(199, '2009-12-10 07:11:44', 0),
(200, '2009-12-10 07:21:43', 0),
(201, '2009-12-13 08:56:49', 0),
(202, '2009-12-13 08:56:51', 0),
(203, '2009-12-13 09:31:50', 0),
(204, '2009-12-13 10:10:47', 0),
(205, '2009-12-13 10:27:21', 0),
(206, '2009-12-13 10:50:41', 0),
(207, '2009-12-13 11:40:53', 0),
(208, '2009-12-13 12:59:48', 0),
(209, '2009-12-13 14:29:39', 0),
(210, '2009-12-13 14:38:34', 0),
(211, '2009-12-13 16:25:14', 0),
(212, '2009-12-13 16:54:45', 0),
(213, '2009-12-13 18:44:10', 0),
(214, '2009-12-13 18:44:20', 0),
(215, '2009-12-13 18:47:17', 0),
(216, '2009-12-13 19:02:30', 0),
(217, '2009-12-13 19:05:42', 0),
(218, '2009-12-13 20:50:01', 0),
(219, '2009-12-13 21:22:52', 0),
(220, '2009-12-13 21:23:39', 0),
(221, '2009-12-13 22:09:37', 0),
(222, '2009-12-13 22:10:13', 0),
(223, '2009-12-13 23:00:25', 0),
(224, '2009-12-13 23:41:10', 0),
(225, '2009-12-14 01:11:05', 0),
(226, '2009-12-14 02:35:24', 0),
(227, '2009-12-14 03:34:30', 0),
(228, '2009-12-14 06:08:41', 0),
(229, '2009-12-14 06:08:43', 0),
(230, '2009-12-14 06:09:05', 0),
(231, '2009-12-14 08:18:05', 0),
(232, '2009-12-14 08:31:15', 0),
(233, '2009-12-14 13:06:04', 0),
(234, '2009-12-14 13:07:01', 0),
(235, '2009-12-14 13:15:22', 0),
(236, '2009-12-14 13:15:58', 0),
(237, '2009-12-14 13:37:29', 0),
(238, '2009-12-14 13:38:33', 0),
(239, '2009-12-14 14:24:45', 0),
(240, '2009-12-14 16:09:10', 0),
(241, '2009-12-14 16:23:17', 0),
(242, '2009-12-14 16:38:15', 0),
(243, '2009-12-14 16:58:07', 0),
(244, '2009-12-14 17:15:01', 0),
(245, '2009-12-14 17:15:34', 0),
(246, '2009-12-14 18:16:00', 0),
(247, '2009-12-14 19:30:29', 0),
(248, '2009-12-14 20:04:28', 0),
(249, '2009-12-14 22:27:36', 0),
(250, '2009-12-14 22:30:52', 0),
(251, '2009-12-14 23:31:28', 0),
(252, '2009-12-14 23:32:54', 0),
(253, '2009-12-15 00:28:57', 0),
(254, '2009-12-15 01:14:07', 0),
(255, '2009-12-15 01:42:09', 0),
(256, '2009-12-15 04:09:16', 0),
(257, '2009-12-15 05:19:00', 0),
(258, '2009-12-15 05:20:18', 0),
(259, '2009-12-15 05:20:28', 0),
(260, '2009-12-15 07:08:41', 0),
(261, '2009-12-15 07:42:57', 0),
(262, '2009-12-15 07:43:31', 0),
(263, '2009-12-15 08:50:27', 0),
(264, '2009-12-15 08:52:24', 0),
(265, '2009-12-15 09:40:08', 0),
(266, '2009-12-15 09:40:09', 0),
(267, '2009-12-15 10:03:29', 0),
(268, '2009-12-15 10:10:48', 0),
(269, '2009-12-15 10:16:37', 0),
(270, '2009-12-15 10:29:41', 0),
(271, '2009-12-15 10:41:59', 0),
(272, '2009-12-15 11:23:08', 0),
(273, '2009-12-15 11:42:51', 0),
(274, '2009-12-15 12:33:03', 0),
(275, '2009-12-15 13:04:04', 0),
(276, '2009-12-15 13:21:14', 0),
(277, '2009-12-15 13:32:42', 0),
(278, '2009-12-15 13:56:33', 0),
(279, '2009-12-15 14:21:57', 0),
(280, '2009-12-15 14:36:08', 0),
(281, '2009-12-15 14:38:57', 0),
(282, '2012-12-15 15:00:01', 0),
(283, '2011-11-15 15:10:10', 0),
(284, '2010-10-15 15:18:46', 0),
(285, '2009-09-15 15:30:00', 0),
(286, '2012-08-15 16:24:35', 0),
(287, '2011-07-15 16:25:57', 0),
(288, '2010-06-15 16:42:30', 0),
(289, '2009-05-15 16:43:41', 0),
(290, '2012-04-15 16:58:00', 0),
(291, '2011-03-15 16:58:22', 0),
(292, '2010-02-15 16:58:47', 0),
(293, '2009-01-15 17:07:50', 0),
(294, '2012-12-15 17:48:39', 0),
(295, '2011-11-15 18:05:19', 0),
(296, '2010-10-15 18:12:01', 0),
(297, '2009-09-15 19:17:37', 0),
(298, '2012-08-15 19:27:12', 0),
(299, '2011-07-15 19:49:25', 0),
(301, '2008-01-15 20:03:17', 0),
(302, '2009-02-15 20:04:17', 0),
(303, '2009-03-15 20:05:17', 0),
(304, '2010-04-15 20:06:17', 0),
(305, '2011-05-15 20:07:17', 0),
(306, '2012-06-15 20:08:17', 0),
(301, '2008-01-15 22:03:17', 0),
(302, '2009-02-15 21:04:17', 0),
(303, '2009-03-15 21:05:17', 0),
(304, '2010-04-15 21:06:17', 0),
(305, '2011-05-15 21:07:17', 0),
(306, '2012-06-15 21:08:17', 0);
